lead_id,nome,pipeline_id,status_id,etapa,tags
54219013,Lead #54219013,13257796,143,Venda perdida,
53334259,Lead #53334259,13257796,103047284,venda perdida,
53296805,Lead #53296805,13257796,103047284,venda perdida,
55930955,Lead #55930955,13257796,103047284,venda perdida,
54960977,Lead #54960977,13257796,102232084,degustação ativo,
53250639,Lead #53250639,13257796,102232084,degustação ativo,
54658320,Lead #54658320,13257796,102232084,degustação ativo,
54229713,Lead #54229713,13257796,102232084,degustação ativo,
58937853,Lead #58937853,13257796,102232088,Apresentando,
58931531,Lead #58931531,13257796,102232088,Apresentando,
58965823,Lead #58965823,13257796,102232088,Apresentando,
58417019,Lead #58417019,13257796,102232088,Apresentando,
58407475,Lead #58407475,13257796,102232088,Apresentando,
58302327,Lead #58302327,13257796,102232088,Apresentando,
57659047,Lead #57659047,13257796,103047284,venda perdida,
57396217,Lead #57396217,13257796,103047280,Efetivou Anual,
55167871,Lead #55167871,13257796,103047284,venda perdida,
53223859,Lead #53223859,13257796,103047284,venda perdida,
53822073,Lead #53822073,13257796,103047284,venda perdida,
53921269,Lead #53921269,13257796,103047284,venda perdida,
54081049,Lead #54081049,13257796,103047284,venda perdida,
54200673,Lead #54200673,13257796,103047284,venda perdida,
54252133,Lead #54252133,13257796,103047284,venda perdida,
54271367,Lead #54271367,13257796,103047284,venda perdida,
54281497,Lead #54281497,13257796,103047284,venda perdida,
54367332,Lead #54367332,13257796,103047284,venda perdida,
54414056,Lead #54414056,13257796,103047284,venda perdida,
55045897,Lead #55045897,13257796,103047284,venda perdida,
55166637,Lead #55166637,13257796,103047284,venda perdida,
55189171,Lead #55189171,13257796,103047284,venda perdida,
55262231,Lead #55262231,13257796,103047284,venda perdida,
55291871,Lead #55291871,13257796,103047284,venda perdida,
55376547,Lead #55376547,13257796,103047284,venda perdida,
55624525,Lead #55624525,13257796,103047284,venda perdida,
55707777,Lead #55707777,13257796,103047284,venda perdida,
55735119,Lead #55735119,13257796,103047284,venda perdida,
56030687,Lead #56030687,13257796,103047284,venda perdida,
56240885,Lead #56240885,13257796,103047284,venda perdida,
56425899,Lead #56425899,13257796,103047284,venda perdida,
56495913,Lead #56495913,13257796,103047284,venda perdida,
56651713,Lead #56651713,13257796,103047284,venda perdida,
56736153,Lead #56736153,13257796,103047284,venda perdida,
56963547,Lead #56963547,13257796,103047284,venda perdida,
57252752,Lead #57252752,13257796,103047284,venda perdida,
57266162,Lead #57266162,13257796,103047284,venda perdida,
57355197,Lead #57355197,13257796,103047284,venda perdida,
57382433,Lead #57382433,13257796,103047284,venda perdida,
57384357,Lead #57384357,13257796,103047284,venda perdida,
57527503,Lead #57527503,13257796,103047284,venda perdida,
57574361,Lead #57574361,13257796,103047284,venda perdida,
57603401,Lead #57603401,13257796,103047284,venda perdida,
57610285,Lead #57610285,13257796,103047284,venda perdida,
57747645,Lead #57747645,13257796,103047284,venda perdida,
57892459,Lead #57892459,13257796,103047284,venda perdida,
57893875,Lead #57893875,13257796,103047284,venda perdida,
57903661,Lead #57903661,13257796,103047284,venda perdida,
57959389,Lead #57959389,13257796,103047284,venda perdida,
57998945,Lead #57998945,13257796,103047284,venda perdida,
58060633,Lead #58060633,13257796,103047284,venda perdida,
58083213,Lead #58083213,13257796,103047284,venda perdida,
58149853,Lead #58149853,13257796,103047284,venda perdida,
57394847,Lead #57394847,13257796,102232084,degustação ativo,
59142895,Lead #59142895,13257796,102232088,Apresentando,
59197837,Lead #59197837,13257796,102232088,Apresentando,
59166411,Lead #59166411,13257796,102232088,Apresentando,
59154295,Lead #59154295,13257796,102232088,Apresentando,
59147907,Lead #59147907,13257796,102232088,Apresentando,
53509689,Lead #53509689,13257796,103047284,venda perdida,
57825007,Lead #57825007,13257796,102232084,degustação ativo,
56922481,Lead #56922481,13257796,102232084,degustação ativo,
57837771,Lead #57837771,13257796,102232084,degustação ativo,
55707601,Lead #55707601,13257796,103047284,venda perdida,
58021445,Lead #58021445,13257796,102232084,degustação ativo,
60309361,Lead #60309361,13257796,102232084,degustação ativo,
60374411,Lead #60374411,13257796,102232084,degustação ativo,
57958897,Lead #57958897,13257796,102232084,degustação ativo,
60697793,Lead #60697793,13257796,103047280,Efetivou Anual,
60302435,Lead #60302435,13257796,102232084,degustação ativo,
59027599,Lead #59027599,13257796,102232084,degustação ativo,
59139149,Lead #59139149,13257796,102232084,degustação ativo,
58964309,Lead #58964309,13257796,102232084,degustação ativo,
57382509,Lead #57382509,13257796,103047280,Efetivou Anual,
60303937,Lead #60303937,13257796,102232084,degustação ativo,
57925583,Lead #57925583,13257796,103047280,Efetivou Anual,
58194869,Lead #58194869,13257796,103047280,Efetivou Anual,
58249317,Lead #58249317,13257796,102232084,degustação ativo,
59590529,Lead #59590529,13257796,102232084,degustação ativo,
58982639,Lead #58982639,13257796,102232084,degustação ativo,
60700487,Lead #60700487,13257796,103047280,Efetivou Anual,
59038921,Lead #59038921,13257796,102232084,degustação ativo,
57899683,Lead #57899683,13257796,103047284,venda perdida,
60940195,Lead #60940195,13257796,107834232,Muito quente,
60933359,Lead #60933359,13257796,102232092,Follow-up,
53293729,Lead #53293729,13257796,102232092,Follow-up,
60930947,Lead #60930947,13257796,102232092,Follow-up,
53500119,Lead #53500119,13257796,102232092,Follow-up,
53991269,Lead #53991269,13257796,102232092,Follow-up,
58752728,Lead #58752728,13257796,102232092,Follow-up,
60915975,Lead #60915975,13257796,102232092,Follow-up,
60910911,Lead #60910911,13257796,102232092,Follow-up,
60908099,Lead #60908099,13257796,102232092,Follow-up,
60837601,Lead #60837601,13257796,102232092,Follow-up,
60792761,Lead #60792761,13257796,102232092,Follow-up,
60750571,Lead #60750571,13257796,102232092,Follow-up,
60725779,Lead #60725779,13257796,102232092,Follow-up,
60665059,Lead #60665059,13257796,102232092,Follow-up,
60636509,Lead #60636509,13257796,102232092,Follow-up,
60635625,Lead #60635625,13257796,102232092,Follow-up,
60598371,Lead #60598371,13257796,102232092,Follow-up,
60583355,Lead #60583355,13257796,102232092,Follow-up,
60576259,Lead #60576259,13257796,102232092,Follow-up,
60562667,Lead #60562667,13257796,102232092,Follow-up,
60532211,Lead #60532211,13257796,102232092,Follow-up,
60439147,Lead #60439147,13257796,102232092,Follow-up,
60322033,Lead #60322033,13257796,102232084,degustação ativo,
60430151,Lead #60430151,13257796,102232092,Follow-up,
60342813,Lead #60342813,13257796,102232092,Follow-up,
60375217,Lead #60375217,13257796,102232084,degustação ativo,
59659949,Lead #59659949,13257796,102232092,Follow-up,
59572751,Lead #59572751,13257796,102232092,Follow-up,
59521431,Lead #59521431,13257796,102232092,Follow-up,
59667149,Lead #59667149,13257796,107834232,Muito quente,
59362261,Lead #59362261,13257796,102232092,Follow-up,
59355931,Lead #59355931,13257796,102232092,Follow-up,
59354593,Lead #59354593,13257796,103047284,venda perdida,
58024695,Lead #58024695,13257796,102232092,Follow-up,
59142421,Lead #59142421,13257796,102232084,degustação ativo,
60721295,Lead #60721295,13257796,102232092,Follow-up,
57657541,Lead #57657541,13257796,102232084,degustação ativo,
59365979,Lead #59365979,13257796,102232092,Follow-up,
59597501,Lead #59597501,13257796,107834232,Muito quente,
59337735,Lead #59337735,13257796,103047284,venda perdida,
61064999,Lead #61064999,13257796,102232092,Follow-up,
59279697,Lead #59279697,13257796,102232092,Follow-up,
57982701,Lead #57982701,13257796,102232092,Follow-up,
58065345,Lead #58065345,13257796,102232092,Follow-up,
58111751,Lead #58111751,13257796,102232092,Follow-up,
58213811,Lead #58213811,13257796,102232092,Follow-up,
58231907,Lead #58231907,13257796,102232092,Follow-up,
58279537,Lead #58279537,13257796,102232092,Follow-up,
58298313,Lead #58298313,13257796,102232092,Follow-up,
58669124,Lead #58669124,13257796,102232092,Follow-up,
60567979,Lead #60567979,13257796,102232092,Follow-up,
58517798,Lead #58517798,13257796,102232092,Follow-up,
58694586,Lead #58694586,13257796,102232092,Follow-up,
58761580,Lead #58761580,13257796,102232092,Follow-up,
58908309,Lead #58908309,13257796,102232088,Apresentando,
59007531,Lead #59007531,13257796,102232092,Follow-up,
58927617,Lead #58927617,13257796,102232092,Follow-up,
59319901,Lead #59319901,13257796,102232088,Apresentando,
56341299,Lead #56341299,13257796,103047284,venda perdida,
57512635,Lead #57512635,13257796,102232084,degustação ativo,
61194683,Lead #61194683,13257796,102232092,Follow-up,
57773909,Lead #57773909,13257796,102232084,degustação ativo,
59202579,Lead #59202579,13257796,102232084,degustação ativo,
61383695,Lead #61383695,13257796,102232088,Apresentando,
58762802,Lead #58762802,13257796,107834232,Muito quente,
61301727,Lead #61301727,13257796,102232092,Follow-up,
59357095,Lead #59357095,13257796,102232084,degustação ativo,
58116125,Lead #58116125,13257796,102232084,degustação ativo,
58956881,Lead #58956881,13257796,102232084,degustação ativo,
60339111,Lead #60339111,13257796,103047284,venda perdida,
59073021,Lead #59073021,13257796,107834232,Muito quente,
58301569,Lead #58301569,13257796,107834232,Muito quente,
59089751,Lead #59089751,13257796,102232084,degustação ativo,
60342123,Lead #60342123,13257796,102232084,degustação ativo,
60379141,Lead #60379141,13257796,107834232,Muito quente,
58334339,Lead #58334339,13257796,102232084,degustação ativo,
56997415,Lead #56997415,13257796,102232084,degustação ativo,
60976245,Lead #60976245,13257796,102232084,degustação ativo,
61300179,Lead #61300179,13257796,102232084,degustação ativo,
58906537,Lead #58906537,13257796,102232084,degustação ativo,
60531823,Lead #60531823,13257796,102232084,degustação ativo,
59093125,Lead #59093125,13257796,102232084,degustação ativo,
59635907,Lead #59635907,13257796,103047280,Efetivou Anual,
55411879,Lead #55411879,13257796,102232084,degustação ativo,
59162197,Lead #59162197,13257796,102232084,degustação ativo,
61071019,Lead #61071019,13257796,102232084,degustação ativo,
53165257,Lead #53165257,13257796,143,Venda perdida,
61527845,Lead #61527845,13257796,103047280,Efetivou Anual,
61624533,Lead #61624533,13257796,102232088,Apresentando,
59089793,Lead #59089793,13257796,102232084,degustação ativo,
58838401,Lead #58838401,13257796,102232084,degustação ativo,
60655531,Lead #60655531,13257796,102232084,degustação ativo,
61600975,Lead #61600975,13257796,102232088,Apresentando,
61585757,Lead #61585757,13257796,102232088,Apresentando,
61523349,Lead #61523349,13257796,102232084,degustação ativo,
61517273,Lead #61517273,13257796,102232092,Follow-up,
61497297,Lead #61497297,13257796,102232092,Follow-up,
61439437,Lead #61439437,13257796,102232092,Follow-up,
61531013,Lead #61531013,13257796,102232084,degustação ativo,
61659891,Lead #61659891,13257796,107834232,Muito quente,
57959895,Lead #57959895,13257796,103047280,Efetivou Anual,
61241261,Lead #61241261,13257796,102232084,degustação ativo,
60462941,Lead #60462941,13257796,102232084,degustação ativo,
58020753,Lead #58020753,13257796,102232084,degustação ativo,
